created_at,package,version,votes,description
2026-10-07T09:23:24Z,r-rtmb,2.0-1,0,R bindings for TMB
2026-10-07T09:32:00Z,r-tidyplots,0.4.0-1,0,Tidy plots for scientific papers
2026-10-07T09:33:36Z,r-tsitter,0.2.0-1,0,Tree-Sitter parsing tools
2026-10-07T09:34:29Z,r-mpoly,1.1.2-1,0,Symbolic computation and more with multivariate polynomials
2026-10-07T09:35:23Z,r-tstoml,0.0.0.9000-1,0,Edit TOML files
2026-10-07T09:36:09Z,r-distributions7,0.1.3-1,0,Probability distributions with the S7 class system
2026-10-07T09:49:15Z,veshell,0.1.0-1,0,An innovative Not-Desktop environment for Linux built with Flutter and Rust
2026-10-07T09:49:33Z,veshell-bin,0.1.0-1,0,An innovative Not-Desktop environment for Linux built with Flutter and Rust
2026-10-07T09:49:43Z,vonsimulator-git,r16.23f1d49-1,0,Von Neumann machine interpreter and simulator (PHP web app)
2026-10-07T09:51:01Z,penguin-mail-bin,1.0.0-1,0,Mail and calendar for Linux (prebuilt binaries from the GitHub release)
2026-10-07T09:52:13Z,rust-yak,0.3.7-1,0,Terminal-first AI coding agent in Rust
2026-10-07T09:53:47Z,rust-yak-bin,0.3.7-1,0,Terminal-first AI coding agent in Rust
